{
    ".py": "python",
    ".js": "javascript",
    ".html": "html",
    ".css": "css",
    ".java": "java",
    ".c": "c",
    ".cpp": "cpp",
    ".cs": "csharp",
    ".h": "cpp",
    ".xml": "xml",
    ".json": "json",
    ".md": "markdown",
    ".sh": "bash",
    ".yml": "yaml",
    ".yaml": "yaml",
    ".txt": "text",
    ".log": "log",
    ".ini": "ini",
    ".sql": "sql",
    ".php": "php",
    ".rb": "ruby",
    ".swift": "swift",
    ".kt": "kotlin",
    ".go": "go",
    ".rs": "rust",
    ".pl": "perl",
    ".ts": "typescript",
    ".tsx": "typescript react",
    ".scss": "scss",
    ".less": "less",
    ".sass": "sass",
    ".bat": "batch",
    ".cmd": "batch",
    ".ps1": "powershell",
    ".dockerfile": "docker",
    ".makefile": "makefile",
    ".vue": "vue",
    ".jsx": "jsx",
    ".dart": "dart",
    ".coffee": "coffeescript",
    ".r": "r",
    ".Rmd": "r markdown",
    ".ipynb": "jupyter",
    ".jl": "julia",
    ".lua": "lua",
    ".hs": "haskell",
    ".lhs": "literate haskell",
    ".scala": "scala",
    ".clj": "clojure",
    ".cljs": "clojurescript",
    ".elm": "elm",
    ".erl": "erlang",
    ".ex": "elixir",
    ".exs": "elixir",
    ".nim": "nim",
    ".ml": "ocaml",
    ".mli": "ocaml interface",
    ".v": "verilog",
    ".sv": "systemverilog",
    ".vhdl": "vhdl",
    ".ada": "ada",
    ".adb": "ada",
    ".asm": "assembly",
    ".s": "assembly",
    ".d": "d",
    ".fs": "fsharp",
    ".fsi": "fsharp",
    ".fsx": "fsharp",
    ".tex": "latex",
    ".bib": "bibtex",
    ".awk": "awk",
    ".tcl": "tcl",
    ".scm": "scheme",
    ".rkt": "racket",
    ".m": "objective-c",
    ".mm": "objective-c++",
    ".vbs": "vbscript",
    ".bas": "vb",
    ".dpr": "delphi",
    ".pas": "pascal",
    ".pro": "prolog",
    ".lisp": "lisp",
    ".cl": "common lisp",
    ".f": "fortran",
    ".f90": "fortran",
    ".f95": "fortran",
    ".f77": "fortran",
    ".json5": "json",
    ".toml": "toml",
    ".cfg": "config",
    ".conf": "config",
    ".csv": "csv",
    ".tsv": "tsv",
    ".env": "dotenv",
    ".g4": "antlr",
    ".graphql": "graphql",
    ".gql": "graphql",
    ".styl": "stylus",
    ".jade": "pug",
    ".pug": "pug",
    ".hbs": "handlebars",
    ".mustache": "mustache",
    ".njk": "nunjucks",
    ".ejs": "ejs",
    ".marko": "marko",
    ".aspx": "asp.net",
    ".asp": "asp",
    ".jsp": "jsp",
    ".cfm": "coldfusion",
    ".cshtml": "razor",
    ".vbhtml": "razor",
    ".erb": "erb",
    ".haml": "haml",
    ".liquid": "liquid",
    ".twig": "twig",
    ".svelte": "svelte",
    ".astro": "astro"
}